{
    "AGI": 0,
    "HP": 100,
    "LU": 0,
    "LVL": 1,
    "MONEY": 0,
    "MP": 100,
    "STR": 0,
    "VIT": 0,
    "XP": 0,
    "affinities": {},
    "angle": 1.6292068494294654e-07,
    "inventory": {},
    "maxHP": 100,
    "maxMP": 100,
    "position": [
        464.7535095214844,
        236.5769805908203
    ],
    "skills": [
        "",
        "",
        "",
        "",
        "",
        "",
        ""
    ]
}