{
    "AGI": 0,
    "HP": 100,
    "LU": 0,
    "LVL": 1,
    "MONEY": 0,
    "MP": 100,
    "STR": 0,
    "VIT": 0,
    "XP": 0,
    "affinities": {},
    "angle": 1.7484555314695172e-07,
    "inventory": {},
    "maxHP": 100,
    "maxMP": 100,
    "position": [
        352.84515380859375,
        231.06541442871094
    ],
    "skills": [
        "",
        "",
        "",
        "",
        "",
        "",
        ""
    ]
}