{
    "AGI": 0,
    "HP": 100,
    "LU": 0,
    "LVL": 1,
    "MONEY": 0,
    "MP": 100,
    "STR": 0,
    "VIT": 0,
    "XP": 0,
    "affinities": {},
    "angle": 1.5707963705062866,
    "inventory": {},
    "maxHP": 100,
    "maxMP": 100,
    "position": [
        91.32990264892578,
        397.07977294921875
    ],
    "skills": [
        "",
        "",
        "",
        "",
        "",
        "",
        ""
    ]
}